{
  "anchors": [
    5.58,
    2.84,
    0.78,
    1.88,
    1.53,
    0.66,
    3.06,
    3.72,
    2.53,
    1.69
  ],
  "inputs": {
    "input0": [
      224,
      224,
      3
    ]
  },
  "outputs": {
    "output0": [
      7,
      7,
      45
    ]
  },
  "params_quantity": 1867581,
  "loss": [
    [
      1,
      2.35327
    ],
    [
      2,
      1.96357
    ],
    [
      3,
      1.88681
    ],
    [
      4,
      2.22338
    ],
    [
      5,
      2.06515
    ],
    [
      6,
      1.95209
    ],
    [
      7,
      1.4018
    ],
    [
      8,
      1.08262
    ],
    [
      9,
      1.03072
    ],
    [
      10,
      0.85262
    ],
    [
      11,
      0.80226
    ],
    [
      12,
      0.86703
    ],
    [
      13,
      0.9122
    ],
    [
      14,
      0.93873
    ],
    [
      15,
      0.81295
    ],
    [
      16,
      0.68725
    ],
    [
      17,
      0.74628
    ],
    [
      18,
      0.61544
    ],
    [
      19,
      0.67275
    ],
    [
      20,
      0.74018
    ],
    [
      21,
      1.2717
    ],
    [
      22,
      0.84566
    ],
    [
      23,
      0.77439
    ],
    [
      24,
      0.72933
    ],
    [
      25,
      0.74798
    ],
    [
      26,
      0.76489
    ],
    [
      27,
      0.66297
    ],
    [
      28,
      0.5911
    ],
    [
      29,
      0.61256
    ],
    [
      30,
      0.64754
    ],
    [
      31,
      0.62042
    ],
    [
      32,
      0.61156
    ],
    [
      33,
      0.61419
    ],
    [
      34,
      0.61377
    ],
    [
      35,
      0.61885
    ],
    [
      36,
      0.61191
    ],
    [
      37,
      0.6189
    ],
    [
      38,
      0.58492
    ],
    [
      39,
      0.58755
    ],
    [
      40,
      0.56736
    ],
    [
      41,
      0.55456
    ],
    [
      42,
      0.54079
    ],
    [
      43,
      0.61688
    ],
    [
      44,
      0.57643
    ],
    [
      45,
      0.61923
    ],
    [
      46,
      0.61877
    ],
    [
      47,
      0.58977
    ],
    [
      48,
      0.62286
    ],
    [
      49,
      0.63276
    ],
    [
      50,
      0.5735
    ],
    [
      51,
      0.60363
    ],
    [
      52,
      0.58172
    ],
    [
      53,
      0.59163
    ],
    [
      54,
      0.59875
    ],
    [
      55,
      0.61495
    ],
    [
      56,
      0.59488
    ],
    [
      57,
      0.59353
    ],
    [
      58,
      0.61186
    ],
    [
      59,
      0.599
    ],
    [
      60,
      0.55148
    ],
    [
      61,
      0.59802
    ],
    [
      62,
      0.5532
    ],
    [
      63,
      0.59559
    ],
    [
      64,
      0.56643
    ],
    [
      65,
      0.60821
    ],
    [
      66,
      0.61086
    ],
    [
      67,
      0.49917
    ],
    [
      68,
      0.55819
    ],
    [
      69,
      0.62051
    ],
    [
      70,
      0.62523
    ],
    [
      71,
      0.60031
    ],
    [
      72,
      0.53031
    ],
    [
      73,
      0.58014
    ],
    [
      74,
      0.59306
    ],
    [
      75,
      0.58876
    ],
    [
      76,
      0.56688
    ],
    [
      77,
      0.53782
    ],
    [
      78,
      0.5645
    ],
    [
      79,
      0.61517
    ],
    [
      80,
      0.59349
    ],
    [
      81,
      0.59981
    ],
    [
      82,
      0.58829
    ],
    [
      83,
      0.58034
    ],
    [
      84,
      0.59382
    ],
    [
      85,
      0.5237
    ],
    [
      86,
      0.59353
    ],
    [
      87,
      0.59381
    ],
    [
      88,
      0.57997
    ],
    [
      89,
      0.59177
    ],
    [
      90,
      0.56526
    ],
    [
      91,
      0.6058
    ],
    [
      92,
      0.54205
    ],
    [
      93,
      0.61112
    ],
    [
      94,
      0.57242
    ],
    [
      95,
      0.56148
    ],
    [
      96,
      0.58328
    ],
    [
      97,
      0.57767
    ],
    [
      98,
      0.59025
    ],
    [
      99,
      0.52893
    ],
    [
      100,
      0.61147
    ]
  ],
  "acc": [
    [
      1,
      0.17159
    ],
    [
      2,
      0.21011
    ],
    [
      3,
      0.20317
    ],
    [
      4,
      0.20658
    ],
    [
      5,
      0.20171
    ],
    [
      6,
      0.23702
    ],
    [
      7,
      0.26401
    ],
    [
      8,
      0.26276
    ],
    [
      9,
      0.27149
    ],
    [
      10,
      0.2826
    ],
    [
      11,
      0.27006
    ],
    [
      12,
      0.26303
    ],
    [
      13,
      0.26057
    ],
    [
      14,
      0.26238
    ],
    [
      15,
      0.2647
    ],
    [
      16,
      0.25925
    ],
    [
      17,
      0.25085
    ],
    [
      18,
      0.24013
    ],
    [
      19,
      0.23477
    ],
    [
      20,
      0.24294
    ],
    [
      21,
      0.25091
    ],
    [
      22,
      0.25777
    ],
    [
      23,
      0.26522
    ],
    [
      24,
      0.26892
    ],
    [
      25,
      0.26001
    ],
    [
      26,
      0.25422
    ],
    [
      27,
      0.25071
    ],
    [
      28,
      0.24523
    ],
    [
      29,
      0.24623
    ],
    [
      30,
      0.24005
    ],
    [
      31,
      0.23389
    ],
    [
      32,
      0.22872
    ],
    [
      33,
      0.22458
    ],
    [
      34,
      0.22468
    ],
    [
      35,
      0.22131
    ],
    [
      36,
      0.21741
    ],
    [
      37,
      0.2123
    ],
    [
      38,
      0.21182
    ],
    [
      39,
      0.21074
    ],
    [
      40,
      0.20928
    ],
    [
      41,
      0.20724
    ],
    [
      42,
      0.20714
    ],
    [
      43,
      0.20714
    ],
    [
      44,
      0.20389
    ],
    [
      45,
      0.20198
    ],
    [
      46,
      0.20166
    ],
    [
      47,
      0.20011
    ],
    [
      48,
      0.20012
    ],
    [
      49,
      0.19976
    ],
    [
      50,
      0.19653
    ],
    [
      51,
      0.1944
    ],
    [
      52,
      0.19496
    ],
    [
      53,
      0.19741
    ],
    [
      54,
      0.19997
    ],
    [
      55,
      0.20082
    ],
    [
      56,
      0.20034
    ],
    [
      57,
      0.20097
    ],
    [
      58,
      0.19938
    ],
    [
      59,
      0.20075
    ],
    [
      60,
      0.20016
    ],
    [
      61,
      0.20124
    ],
    [
      62,
      0.19763
    ],
    [
      63,
      0.19907
    ],
    [
      64,
      0.19902
    ],
    [
      65,
      0.1995
    ],
    [
      66,
      0.19775
    ],
    [
      67,
      0.20041
    ],
    [
      68,
      0.19864
    ],
    [
      69,
      0.19905
    ],
    [
      70,
      0.19898
    ],
    [
      71,
      0.19911
    ],
    [
      72,
      0.19871
    ],
    [
      73,
      0.20137
    ],
    [
      74,
      0.20035
    ],
    [
      75,
      0.20146
    ],
    [
      76,
      0.20156
    ],
    [
      77,
      0.20237
    ],
    [
      78,
      0.20132
    ],
    [
      79,
      0.20148
    ],
    [
      80,
      0.19971
    ],
    [
      81,
      0.20014
    ],
    [
      82,
      0.19996
    ],
    [
      83,
      0.19946
    ],
    [
      84,
      0.19983
    ],
    [
      85,
      0.19876
    ],
    [
      86,
      0.20073
    ],
    [
      87,
      0.19923
    ],
    [
      88,
      0.19862
    ],
    [
      89,
      0.19838
    ],
    [
      90,
      0.19733
    ],
    [
      91,
      0.1987
    ],
    [
      92,
      0.19778
    ],
    [
      93,
      0.19797
    ],
    [
      94,
      0.19816
    ],
    [
      95,
      0.20086
    ],
    [
      96,
      0.19983
    ],
    [
      97,
      0.19959
    ],
    [
      98,
      0.20001
    ],
    [
      99,
      0.19889
    ],
    [
      100,
      0.1986
    ]
  ],