{
  "anchors": [
    5.83,
    2.84,
    1.44,
    0.69,
    1.98,
    1.69,
    3.13,
    1.81,
    3.09,
    3.75
  ],
  "inputs": {
    "input0": [
      224,
      224,
      3
    ]
  },
  "outputs": {
    "output0": [
      7,
      7,
      45
    ]
  },
  "params_quantity": 1867581,
  "loss": [
    [
      1,
      4.24103
    ],
    [
      2,
      4.76177
    ],
    [
      3,
      5.3995
    ],
    [
      4,
      5.41655
    ],
    [
      5,
      5.55888
    ],
    [
      6,
      3.57206
    ],
    [
      7,
      0.62831
    ],
    [
      8,
      0.35244
    ],
    [
      9,
      0.25622
    ],
    [
      10,
      0.19016
    ],
    [
      11,
      0.15539
    ],
    [
      12,
      0.13262
    ],
    [
      13,
      0.11432
    ],
    [
      14,
      0.09867
    ],
    [
      15,
      0.08641
    ],
    [
      16,
      0.08395
    ],
    [
      17,
      0.08182
    ],
    [
      18,
      0.07871
    ],
    [
      19,
      0.06571
    ],
    [
      20,
      0.06356
    ],
    [
      21,
      0.06286
    ],
    [
      22,
      0.0601
    ],
    [
      23,
      0.05304
    ],
    [
      24,
      0.05411
    ],
    [
      25,
      0.05685
    ],
    [
      26,
      0.06131
    ],
    [
      27,
      0.04657
    ],
    [
      28,
      0.04386
    ],
    [
      29,
      0.04558
    ],
    [
      30,
      0.04059
    ],
    [
      31,
      0.04128
    ],
    [
      32,
      0.04221
    ],
    [
      33,
      0.0378
    ],
    [
      34,
      0.04005
    ],
    [
      35,
      0.03514
    ],
    [
      36,
      0.03477
    ],
    [
      37,
      0.03238
    ],
    [
      38,
      0.03281
    ],
    [
      39,
      0.02938
    ],
    [
      40,
      0.02842
    ],
    [
      41,
      0.03093
    ],
    [
      42,
      0.02941
    ],
    [
      43,
      0.02814
    ],
    [
      44,
      0.02677
    ],
    [
      45,
      0.02813
    ],
    [
      46,
      0.0263
    ],
    [
      47,
      0.02261
    ],
    [
      48,
      0.02364
    ],
    [
      49,
      0.02346
    ],
    [
      50,
      0.02355
    ],
    [
      51,
      0.02336
    ],
    [
      52,
      0.0213
    ],
    [
      53,
      0.02202
    ],
    [
      54,
      0.01973
    ],
    [
      55,
      0.0209
    ],
    [
      56,
      0.02038
    ],
    [
      57,
      0.01928
    ],
    [
      58,
      0.01864
    ],
    [
      59,
      0.01845
    ],
    [
      60,
      0.02021
    ],
    [
      61,
      0.01848
    ],
    [
      62,
      0.01958
    ],
    [
      63,
      0.01876
    ],
    [
      64,
      0.01776
    ],
    [
      65,
      0.0165
    ],
    [
      66,
      0.0166
    ],
    [
      67,
      0.01603
    ],
    [
      68,
      0.01515
    ],
    [
      69,
      0.01661
    ],
    [
      70,
      0.01636
    ],
    [
      71,
      0.01706
    ],
    [
      72,
      0.01521
    ],
    [
      73,
      0.01408
    ],
    [
      74,
      0.01261
    ],
    [
      75,
      0.01365
    ],
    [
      76,
      0.01379
    ],
    [
      77,
      0.01284
    ],
    [
      78,
      0.01442
    ],
    [
      79,
      0.01501
    ],
    [
      80,
      0.01266
    ],
    [
      81,
      0.01253
    ],
    [
      82,
      0.01224
    ],
    [
      83,
      0.01142
    ],
    [
      84,
      0.01104
    ],
    [
      85,
      0.01094
    ],
    [
      86,
      0.01069
    ],
    [
      87,
      0.01167
    ],
    [
      88,
      0.01261
    ],
    [
      89,
      0.01257
    ],
    [
      90,
      0.01066
    ],
    [
      91,
      0.0109
    ],
    [
      92,
      0.01033
    ],
    [
      93,
      0.01034
    ],
    [
      94,
      0.0103
    ],
    [
      95,
      0.0117
    ],
    [
      96,
      0.00992
    ],
    [
      97,
      0.00953
    ],
    [
      98,
      0.00873
    ],
    [
      99,
      0.00862
    ],
    [
      100,
      0.0085
    ]
  ],
  "acc": [
    [
      1,
      0.23207
    ],
    [
      2,
      0.24535
    ],
    [
      3,
      0.26774
    ],
    [
      4,
      0.26593
    ],
    [
      5,
      0.26369
    ],
    [
      6,
      0.20297
    ],
    [
      7,
      0.18868
    ],
    [
      8,
      0.18501
    ],
    [
      9,
      0.18855
    ],
    [
      10,
      0.18821
    ],
    [
      11,
      0.19241
    ],
    [
      12,
      0.19164
    ],
    [
      13,
      0.19547
    ],
    [
      14,
      0.18825
    ],
    [
      15,
      0.18553
    ],
    [
      16,
      0.19032
    ],
    [
      17,
      0.19565
    ],
    [
      18,
      0.19327
    ],
    [
      19,
      0.19306
    ],
    [
      20,
      0.19445
    ],
    [
      21,
      0.19452
    ],
    [
      22,
      0.19677
    ],
    [
      23,
      0.1965
    ],
    [
      24,
      0.2
    ],
    [
      25,
      0.19917
    ],
    [
      26,
      0.19804
    ],
    [
      27,
      0.1983
    ],
    [
      28,
      0.19682
    ],
    [
      29,
      0.19675
    ],
    [
      30,
      0.19561
    ],
    [
      31,
      0.19247
    ],
    [
      32,
      0.19211
    ],
    [
      33,
      0.19645
    ],
    [
      34,
      0.1962
    ],
    [
      35,
      0.19817
    ],
    [
      36,
      0.19583
    ],
    [
      37,
      0.19646
    ],
    [
      38,
      0.19837
    ],
    [
      39,
      0.19915
    ],
    [
      40,
      0.19764
    ],
    [
      41,
      0.19945
    ],
    [
      42,
      0.19984
    ],
    [
      43,
      0.19919
    ],
    [
      44,
      0.19792
    ],
    [
      45,
      0.19962
    ],
    [
      46,
      0.2015
    ],
    [
      47,
      0.20057
    ],
    [
      48,
      0.19933
    ],
    [
      49,
      0.19874
    ],
    [
      50,
      0.1969
    ],
    [
      51,
      0.19787
    ],
    [
      52,
      0.19964
    ],
    [
      53,
      0.19806
    ],
    [
      54,
      0.19717
    ],
    [
      55,
      0.19844
    ],
    [
      56,
      0.19644
    ],
    [
      57,
      0.19679
    ],
    [
      58,
      0.1949
    ],
    [
      59,
      0.1948
    ],
    [
      60,
      0.19277
    ],
    [
      61,
      0.19399
    ],
    [
      62,
      0.19405
    ],
    [
      63,
      0.19539
    ],
    [
      64,
      0.19364
    ],
    [
      65,
      0.19371
    ],
    [
      66,
      0.19245
    ],
    [
      67,
      0.19455
    ],
    [
      68,
      0.19547
    ],
    [
      69,
      0.19611
    ],
    [
      70,
      0.19512
    ],
    [
      71,
      0.19384
    ],
    [
      72,
      0.19364
    ],
    [
      73,
      0.19349
    ],
    [
      74,
      0.19176
    ],
    [
      75,
      0.19347
    ],
    [
      76,
      0.1937
    ],
    [
      77,
      0.19505
    ],
    [
      78,
      0.19242
    ],
    [
      79,
      0.19329
    ],
    [
      80,
      0.19407
    ],
    [
      81,
      0.19482
    ],
    [
      82,
      0.19595
    ],
    [
      83,
      0.1955
    ],
    [
      84,
      0.1944
    ],
    [
      85,
      0.19247
    ],
    [
      86,
      0.19026
    ],
    [
      87,
      0.19091
    ],
    [
      88,
      0.19209
    ],
    [
      89,
      0.1923
    ],
    [
      90,
      0.19018
    ],
    [
      91,
      0.18929
    ],
    [
      92,
      0.18942
    ],
    [
      93,
      0.19014
    ],
    [
      94,
      0.19025
    ],
    [
      95,
      0.1908
    ],
    [
      96,
      0.19187
    ],
    [
      97,
      0.19192
    ],
    [
      98,
      0.19094
    ],
    [
      99,
      0.1912
    ],
    [
      100,
      0.19061
    ]
  ],