{
  "anchors": [
    2.38,
    1.66,
    3.19,
    3.03,
    5.62,
    4.03,
    6.0,
    2.69,
    1.44,
    0.66
  ],
  "inputs": {
    "input0": [
      224,
      224,
      3
    ]
  },
  "outputs": {
    "output0": [
      7,
      7,
      45
    ]
  },
  "params_quantity": 1867581,
  "loss": [
    [
      1,
      3.13853
    ],
    [
      2,
      5.29264
    ],
    [
      3,
      6.32762
    ],
    [
      4,
      5.98912
    ],
    [
      5,
      5.65488
    ],
    [
      6,
      13.43628
    ],
    [
      7,
      3.68193
    ],
    [
      8,
      1.38371
    ],
    [
      9,
      0.91275
    ],
    [
      10,
      0.76752
    ],
    [
      11,
      0.56858
    ],
    [
      12,
      0.40647
    ],
    [
      13,
      0.30267
    ],
    [
      14,
      0.29078
    ],
    [
      15,
      0.25967
    ],
    [
      16,
      0.24011
    ],
    [
      17,
      0.22181
    ],
    [
      18,
      0.19132
    ],
    [
      19,
      0.18483
    ],
    [
      20,
      0.16914
    ],
    [
      21,
      0.16501
    ],
    [
      22,
      0.21407
    ],
    [
      23,
      0.19031
    ],
    [
      24,
      0.17347
    ],
    [
      25,
      0.14631
    ],
    [
      26,
      0.12923
    ],
    [
      27,
      0.13979
    ],
    [
      28,
      0.11478
    ],
    [
      29,
      0.10757
    ],
    [
      30,
      0.11358
    ],
    [
      31,
      0.10142
    ],
    [
      32,
      0.09565
    ],
    [
      33,
      0.09645
    ],
    [
      34,
      0.09346
    ],
    [
      35,
      0.09515
    ],
    [
      36,
      0.09566
    ],
    [
      37,
      0.10375
    ],
    [
      38,
      0.08593
    ],
    [
      39,
      0.08066
    ],
    [
      40,
      0.08703
    ],
    [
      41,
      0.07922
    ],
    [
      42,
      0.07833
    ],
    [
      43,
      0.07521
    ],
    [
      44,
      0.07332
    ],
    [
      45,
      0.0697
    ],
    [
      46,
      0.07409
    ],
    [
      47,
      0.06921
    ],
    [
      48,
      0.07334
    ],
    [
      49,
      0.06575
    ],
    [
      50,
      0.07279
    ],
    [
      51,
      0.06688
    ],
    [
      52,
      0.07209
    ],
    [
      53,
      0.0616
    ],
    [
      54,
      0.06333
    ],
    [
      55,
      0.05791
    ],
    [
      56,
      0.05865
    ],
    [
      57,
      0.05587
    ],
    [
      58,
      0.05332
    ],
    [
      59,
      0.05386
    ],
    [
      60,
      0.05429
    ],
    [
      61,
      0.04837
    ],
    [
      62,
      0.04897
    ],
    [
      63,
      0.04853
    ],
    [
      64,
      0.04975
    ],
    [
      65,
      0.04842
    ],
    [
      66,
      0.0489
    ],
    [
      67,
      0.04618
    ],
    [
      68,
      0.04511
    ],
    [
      69,
      0.04795
    ],
    [
      70,
      0.04765
    ],
    [
      71,
      0.04456
    ],
    [
      72,
      0.04989
    ],
    [
      73,
      0.04444
    ],
    [
      74,
      0.04662
    ],
    [
      75,
      0.04276
    ],
    [
      76,
      0.05025
    ],
    [
      77,
      0.04096
    ],
    [
      78,
      0.04017
    ],
    [
      79,
      0.04186
    ],
    [
      80,
      0.04038
    ],
    [
      81,
      0.03655
    ],
    [
      82,
      0.03469
    ],
    [
      83,
      0.03623
    ],
    [
      84,
      0.03359
    ],
    [
      85,
      0.03398
    ],
    [
      86,
      0.0314
    ],
    [
      87,
      0.03182
    ],
    [
      88,
      0.03587
    ],
    [
      89,
      0.03564
    ],
    [
      90,
      0.03081
    ],
    [
      91,
      0.02928
    ],
    [
      92,
      0.03301
    ],
    [
      93,
      0.0306
    ],
    [
      94,
      0.02977
    ],
    [
      95,
      0.02858
    ],
    [
      96,
      0.02776
    ],
    [
      97,
      0.02833
    ],
    [
      98,
      0.02785
    ],
    [
      99,
      0.02888
    ],
    [
      100,
      0.02851
    ]
  ],
  "acc": [
    [
      1,
      0.12819
    ],
    [
      2,
      0.14714
    ],
    [
      3,
      0.15773
    ],
    [
      4,
      0.15935
    ],
    [
      5,
      0.14754
    ],
    [
      6,
      0.26152
    ],
    [
      7,
      0.24745
    ],
    [
      8,
      0.23087
    ],
    [
      9,
      0.22444
    ],
    [
      10,
      0.21081
    ],
    [
      11,
      0.20956
    ],
    [
      12,
      0.20561
    ],
    [
      13,
      0.19472
    ],
    [
      14,
      0.20529
    ],
    [
      15,
      0.20437
    ],
    [
      16,
      0.2064
    ],
    [
      17,
      0.20304
    ],
    [
      18,
      0.19905
    ],
    [
      19,
      0.2012
    ],
    [
      20,
      0.20649
    ],
    [
      21,
      0.20559
    ],
    [
      22,
      0.21025
    ],
    [
      23,
      0.21441
    ],
    [
      24,
      0.20771
    ],
    [
      25,
      0.21219
    ],
    [
      26,
      0.20887
    ],
    [
      27,
      0.21701
    ],
    [
      28,
      0.21681
    ],
    [
      29,
      0.22146
    ],
    [
      30,
      0.2231
    ],
    [
      31,
      0.21707
    ],
    [
      32,
      0.2227
    ],
    [
      33,
      0.2214
    ],
    [
      34,
      0.22378
    ],
    [
      35,
      0.22466
    ],
    [
      36,
      0.22397
    ],
    [
      37,
      0.22429
    ],
    [
      38,
      0.2255
    ],
    [
      39,
      0.23176
    ],
    [
      40,
      0.23161
    ],
    [
      41,
      0.22716
    ],
    [
      42,
      0.22774
    ],
    [
      43,
      0.2275
    ],
    [
      44,
      0.22532
    ],
    [
      45,
      0.22756
    ],
    [
      46,
      0.23018
    ],
    [
      47,
      0.23222
    ],
    [
      48,
      0.23426
    ],
    [
      49,
      0.23391
    ],
    [
      50,
      0.23723
    ],
    [
      51,
      0.24064
    ],
    [
      52,
      0.23747
    ],
    [
      53,
      0.23273
    ],
    [
      54,
      0.23294
    ],
    [
      55,
      0.2338
    ],
    [
      56,
      0.23713
    ],
    [
      57,
      0.23386
    ],
    [
      58,
      0.23668
    ],
    [
      59,
      0.23305
    ],
    [
      60,
      0.2337
    ],
    [
      61,
      0.23613
    ],
    [
      62,
      0.2352
    ],
    [
      63,
      0.23592
    ],
    [
      64,
      0.23627
    ],
    [
      65,
      0.23654
    ],
    [
      66,
      0.23695
    ],
    [
      67,
      0.22836
    ],
    [
      68,
      0.22898
    ],
    [
      69,
      0.23197
    ],
    [
      70,
      0.23231
    ],
    [
      71,
      0.23305
    ],
    [
      72,
      0.23421
    ],
    [
      73,
      0.2311
    ],
    [
      74,
      0.23022
    ],
    [
      75,
      0.23091
    ],
    [
      76,
      0.23153
    ],
    [
      77,
      0.22931
    ],
    [
      78,
      0.22962
    ],
    [
      79,
      0.22621
    ],
    [
      80,
      0.22702
    ],
    [
      81,
      0.22711
    ],
    [
      82,
      0.22626
    ],
    [
      83,
      0.22433
    ],
    [
      84,
      0.22445
    ],
    [
      85,
      0.226
    ],
    [
      86,
      0.22262
    ],
    [
      87,
      0.22334
    ],
    [
      88,
      0.2242
    ],
    [
      89,
      0.22232
    ],
    [
      90,
      0.22071
    ],
    [
      91,
      0.21869
    ],
    [
      92,
      0.22048
    ],
    [
      93,
      0.21931
    ],
    [
      94,
      0.21995
    ],
    [
      95,
      0.21959
    ],
    [
      96,
      0.21866
    ],
    [
      97,
      0.22034
    ],
    [
      98,
      0.21959
    ],
    [
      99,
      0.21883
    ],
    [
      100,
      0.22055
    ]
  ],