{
  "anchors": [
    1.44,
    0.66,
    3.03,
    4.25,
    6.16,
    2.91,
    4.09,
    2.22,
    2.38,
    1.66
  ],
  "inputs": {
    "input0": [
      224,
      224,
      3
    ]
  },
  "outputs": {
    "output0": [
      7,
      7,
      45
    ]
  },
  "params_quantity": 1867581,
  "loss": [
    [
      1,
      5.32104
    ],
    [
      2,
      4.94084
    ],
    [
      3,
      6.40562
    ],
    [
      4,
      6.4665
    ],
    [
      5,
      5.978
    ],
    [
      6,
      5.64089
    ],
    [
      7,
      0.73808
    ],
    [
      8,
      0.42408
    ],
    [
      9,
      0.26896
    ],
    [
      10,
      0.20677
    ],
    [
      11,
      0.1784
    ],
    [
      12,
      0.1658
    ],
    [
      13,
      0.23646
    ],
    [
      14,
      0.1609
    ],
    [
      15,
      0.11535
    ],
    [
      16,
      0.10634
    ],
    [
      17,
      0.10311
    ],
    [
      18,
      0.09202
    ],
    [
      19,
      0.0816
    ],
    [
      20,
      0.08363
    ],
    [
      21,
      0.0817
    ],
    [
      22,
      0.07462
    ],
    [
      23,
      0.25414
    ],
    [
      24,
      0.14593
    ],
    [
      25,
      0.13243
    ],
    [
      26,
      0.09171
    ],
    [
      27,
      0.08425
    ],
    [
      28,
      0.09706
    ],
    [
      29,
      0.06938
    ],
    [
      30,
      0.13567
    ],
    [
      31,
      0.07632
    ],
    [
      32,
      0.06181
    ],
    [
      33,
      0.05351
    ],
    [
      34,
      0.04952
    ],
    [
      35,
      0.04837
    ],
    [
      36,
      0.04513
    ],
    [
      37,
      0.0441
    ],
    [
      38,
      0.03974
    ],
    [
      39,
      0.04332
    ],
    [
      40,
      0.04101
    ],
    [
      41,
      0.0471
    ],
    [
      42,
      0.04033
    ],
    [
      43,
      0.05198
    ],
    [
      44,
      0.03949
    ],
    [
      45,
      0.03556
    ],
    [
      46,
      0.03426
    ],
    [
      47,
      0.03395
    ],
    [
      48,
      0.03358
    ],
    [
      49,
      0.03053
    ],
    [
      50,
      0.0273
    ],
    [
      51,
      0.02826
    ],
    [
      52,
      0.03078
    ],
    [
      53,
      0.03193
    ],
    [
      54,
      0.02533
    ],
    [
      55,
      0.02467
    ],
    [
      56,
      0.0284
    ],
    [
      57,
      0.02846
    ],
    [
      58,
      0.02509
    ],
    [
      59,
      0.0248
    ],
    [
      60,
      0.02187
    ],
    [
      61,
      0.02278
    ],
    [
      62,
      0.02852
    ],
    [
      63,
      0.04129
    ],
    [
      64,
      0.03644
    ],
    [
      65,
      0.02634
    ],
    [
      66,
      0.02493
    ],
    [
      67,
      0.02536
    ],
    [
      68,
      0.02706
    ],
    [
      69,
      0.02215
    ],
    [
      70,
      0.02124
    ],
    [
      71,
      0.02465
    ],
    [
      72,
      0.03008
    ],
    [
      73,
      0.02887
    ],
    [
      74,
      0.02906
    ],
    [
      75,
      0.0254
    ],
    [
      76,
      0.02931
    ],
    [
      77,
      0.02349
    ],
    [
      78,
      0.02045
    ],
    [
      79,
      0.03041
    ],
    [
      80,
      0.01994
    ],
    [
      81,
      0.02138
    ],
    [
      82,
      0.01982
    ],
    [
      83,
      0.01781
    ],
    [
      84,
      0.0188
    ],
    [
      85,
      0.01696
    ],
    [
      86,
      0.01562
    ],
    [
      87,
      0.01674
    ],
    [
      88,
      0.01835
    ],
    [
      89,
      0.0193
    ],
    [
      90,
      0.01908
    ],
    [
      91,
      0.01619
    ],
    [
      92,
      0.01481
    ],
    [
      93,
      0.01568
    ],
    [
      94,
      0.01899
    ],
    [
      95,
      0.01614
    ],
    [
      96,
      0.01468
    ],
    [
      97,
      0.01371
    ],
    [
      98,
      0.01336
    ],
    [
      99,
      0.01344
    ],
    [
      100,
      0.01306
    ]
  ],
  "acc": [
    [
      1,
      0.07994
    ],
    [
      2,
      0.13387
    ],
    [
      3,
      0.11767
    ],
    [
      4,
      0.13555
    ],
    [
      5,
      0.13373
    ],
    [
      6,
      0.12177
    ],
    [
      7,
      0.15073
    ],
    [
      8,
      0.16384
    ],
    [
      9,
      0.17434
    ],
    [
      10,
      0.1699
    ],
    [
      11,
      0.17817
    ],
    [
      12,
      0.17949
    ],
    [
      13,
      0.18394
    ],
    [
      14,
      0.18104
    ],
    [
      15,
      0.18445
    ],
    [
      16,
      0.18689
    ],
    [
      17,
      0.18516
    ],
    [
      18,
      0.17886
    ],
    [
      19,
      0.17952
    ],
    [
      20,
      0.1839
    ],
    [
      21,
      0.18071
    ],
    [
      22,
      0.18303
    ],
    [
      23,
      0.19006
    ],
    [
      24,
      0.18878
    ],
    [
      25,
      0.18687
    ],
    [
      26,
      0.1849
    ],
    [
      27,
      0.17948
    ],
    [
      28,
      0.17639
    ],
    [
      29,
      0.17211
    ],
    [
      30,
      0.17533
    ],
    [
      31,
      0.18405
    ],
    [
      32,
      0.18137
    ],
    [
      33,
      0.18023
    ],
    [
      34,
      0.18058
    ],
    [
      35,
      0.18094
    ],
    [
      36,
      0.17972
    ],
    [
      37,
      0.17988
    ],
    [
      38,
      0.17828
    ],
    [
      39,
      0.1778
    ],
    [
      40,
      0.17769
    ],
    [
      41,
      0.17258
    ],
    [
      42,
      0.1738
    ],
    [
      43,
      0.18032
    ],
    [
      44,
      0.18032
    ],
    [
      45,
      0.17986
    ],
    [
      46,
      0.18167
    ],
    [
      47,
      0.18108
    ],
    [
      48,
      0.18001
    ],
    [
      49,
      0.18091
    ],
    [
      50,
      0.17865
    ],
    [
      51,
      0.1782
    ],
    [
      52,
      0.18122
    ],
    [
      53,
      0.18072
    ],
    [
      54,
      0.18018
    ],
    [
      55,
      0.1824
    ],
    [
      56,
      0.17988
    ],
    [
      57,
      0.18004
    ],
    [
      58,
      0.17975
    ],
    [
      59,
      0.18128
    ],
    [
      60,
      0.17916
    ],
    [
      61,
      0.18184
    ],
    [
      62,
      0.18319
    ],
    [
      63,
      0.18117
    ],
    [
      64,
      0.18202
    ],
    [
      65,
      0.18031
    ],
    [
      66,
      0.18198
    ],
    [
      67,
      0.18241
    ],
    [
      68,
      0.18527
    ],
    [
      69,
      0.18506
    ],
    [
      70,
      0.18451
    ],
    [
      71,
      0.18711
    ],
    [
      72,
      0.18215
    ],
    [
      73,
      0.18266
    ],
    [
      74,
      0.18034
    ],
    [
      75,
      0.18046
    ],
    [
      76,
      0.17888
    ],
    [
      77,
      0.17791
    ],
    [
      78,
      0.17724
    ],
    [
      79,
      0.18156
    ],
    [
      80,
      0.18042
    ],
    [
      81,
      0.17963
    ],
    [
      82,
      0.18077
    ],
    [
      83,
      0.18176
    ],
    [
      84,
      0.18162
    ],
    [
      85,
      0.1833
    ],
    [
      86,
      0.18235
    ],
    [
      87,
      0.18251
    ],
    [
      88,
      0.18028
    ],
    [
      89,
      0.1817
    ],
    [
      90,
      0.18171
    ],
    [
      91,
      0.18019
    ],
    [
      92,
      0.18192
    ],
    [
      93,
      0.18215
    ],
    [
      94,
      0.17941
    ],
    [
      95,
      0.18034
    ],
    [
      96,
      0.18108
    ],
    [
      97,
      0.1778
    ],
    [
      98,
      0.17755
    ],
    [
      99,
      0.17805
    ],
    [
      100,
      0.17723
    ]
  ],